Value of N,Insertion Sort,Merge Sort,Selection Sort
100,0.001998424530029297,0.0009479522705078125,0.0019941329956054688,0.0
